{"units": [{"weight": 25.0, "show_contents_on_one_page": false, "labels": "", "unit_header": null, "href": null, "post_assessment": null, "workflow_yaml": "{grader: auto, matcher: peer, review_due_date: null, review_min_count: 0, review_window_mins: 0,\n  show_feedback: true, single_submission: false, submission_due_date: null}\n", "availability": "course", "description": "", "title": "Pre-course assessment", "unit_id": 1, "type": "A", "custom_unit_type": null, "manual_progress": false, "pre_assessment": null, "properties": {}, "unit_footer": null, "html_check_answers": true, "html_content": "", "release_date": "", "html_review_form": null, "shown_when_unavailable": false}, {"weight": 1, "show_contents_on_one_page": true, "labels": "", "unit_header": "", "href": null, "post_assessment": null, "workflow_yaml": "grader: auto\n", "availability": "course", "description": "", "title": "Introduction", "unit_id": 2, "type": "U", "custom_unit_type": null, "manual_progress": false, "pre_assessment": null, "properties": {}, "unit_footer": "", "html_check_answers": false, "html_content": null, "release_date": "available July 10", "html_review_form": null, "shown_when_unavailable": false}, {"weight": 1, "show_contents_on_one_page": false, "labels": null, "unit_header": null, "href": null, "post_assessment": null, "workflow_yaml": "grader: auto\n", "availability": "course", "description": null, "title": "Interpreting results", "unit_id": 14, "type": "U", "custom_unit_type": null, "manual_progress": false, "pre_assessment": null, "properties": {}, "unit_footer": null, "html_check_answers": false, "html_content": null, "release_date": "available July 11", "html_review_form": null, "shown_when_unavailable": false}, {"weight": 1, "show_contents_on_one_page": false, "labels": null, "unit_header": null, "href": null, "post_assessment": null, "workflow_yaml": "grader: auto\n", "availability": "course", "description": null, "title": "Advanced techniques", "unit_id": 25, "type": "U", "custom_unit_type": null, "manual_progress": false, "pre_assessment": null, "properties": {}, "unit_footer": null, "html_check_answers": false, "html_content": null, "release_date": "available July 12", "html_review_form": null, "shown_when_unavailable": false}, {"weight": 25.0, "show_contents_on_one_page": false, "labels": null, "unit_header": null, "href": null, "post_assessment": null, "workflow_yaml": "grader: auto\n", "availability": "course", "description": null, "title": "Mid-course assessment", "unit_id": 35, "type": "A", "custom_unit_type": null, "manual_progress": false, "pre_assessment": null, "properties": {}, "unit_footer": null, "html_check_answers": false, "html_content": null, "release_date": "", "html_review_form": null, "shown_when_unavailable": false}, {"weight": 1, "show_contents_on_one_page": false, "labels": null, "unit_header": null, "href": null, "post_assessment": null, "workflow_yaml": "grader: auto\n", "availability": "course", "description": null, "title": "Find facts faster", "unit_id": 36, "type": "U", "custom_unit_type": null, "manual_progress": false, "pre_assessment": null, "properties": {}, "unit_footer": null, "html_check_answers": false, "html_content": null, "release_date": "available July 17", "html_review_form": null, "shown_when_unavailable": false}, {"weight": 1, "show_contents_on_one_page": false, "labels": null, "unit_header": null, "href": null, "post_assessment": null, "workflow_yaml": "grader: auto\n", "availability": "course", "description": null, "title": "Checking your facts", "unit_id": 47, "type": "U", "custom_unit_type": null, "manual_progress": false, "pre_assessment": null, "properties": {}, "unit_footer": null, "html_check_answers": false, "html_content": null, "release_date": "available July 18", "html_review_form": null, "shown_when_unavailable": false}, {"weight": 1, "show_contents_on_one_page": false, "labels": null, "unit_header": null, "href": null, "post_assessment": null, "workflow_yaml": "grader: auto\n", "availability": "course", "description": null, "title": "Putting it all together", "unit_id": 57, "type": "U", "custom_unit_type": null, "manual_progress": false, "pre_assessment": null, "properties": {}, "unit_footer": null, "html_check_answers": false, "html_content": null, "release_date": "available July 19", "html_review_form": null, "shown_when_unavailable": false}, {"weight": 25.0, "show_contents_on_one_page": false, "labels": null, "unit_header": null, "href": null, "post_assessment": null, "workflow_yaml": "grader: auto\n", "availability": "course", "description": null, "title": "Sample peer review assignment", "unit_id": 64, "type": "A", "custom_unit_type": null, "manual_progress": false, "pre_assessment": null, "properties": {}, "unit_footer": null, "html_check_answers": false, "html_content": null, "release_date": "", "html_review_form": null, "shown_when_unavailable": false}, {"weight": 25.0, "show_contents_on_one_page": false, "labels": "", "unit_header": null, "href": null, "post_assessment": null, "workflow_yaml": "{grader: auto, matcher: peer, review_due_date: null, review_min_count: 0, review_window_mins: 0,\n  show_feedback: false, single_submission: false, submission_due_date: null}\n", "availability": "course", "description": "", "title": "Post-course assessment", "unit_id": 65, "type": "A", "custom_unit_type": null, "manual_progress": false, "pre_assessment": null, "properties": {}, "unit_footer": null, "html_check_answers": true, "html_content": "", "release_date": "", "html_review_form": null, "shown_when_unavailable": false}], "lessons": [{"scored": false, "title": "Introduction", "has_activity": false, "objectives": " \u003Cgcb-youtube videoid=\"1ppwmxidyIE\" instanceid=\"JabvZDhBcY5U\"\u003E\u003C/gcb-youtube\u003E", "manual_progress": false, "unit_id": "2", "activity_title": "", "availability": "course", "video": "", "lesson_id": 3, "auto_index": true, "duration": "", "shown_when_unavailable": false, "notes": "//www.google.com/edu/coursebuilder/courses/pswg/1.2/assets/notes/Lesson1.1/Lesson1.1Instructionsfortakingthiscourse_Text.html", "properties": {"modules.skill_map.skill_list": []}, "activity_listed": false}, {"scored": false, "title": "Filter image results by color", "has_activity": false, "objectives": "\u003Cul\u003E\u003Cli\u003EApply the strategy of color filtering to find information quickly.\u003C/li\u003E\u003C/ul\u003E \u003Cgcb-youtube videoid=\"K-0RqQWFubM\" instanceid=\"4vTjDWBc2kQf\"\u003E\u003C/gcb-youtube\u003E", "manual_progress": false, "unit_id": 2, "activity_title": "", "availability": "course", "video": "", "lesson_id": 4, "auto_index": true, "duration": "", "shown_when_unavailable": false, "notes": "//www.google.com/edu/coursebuilder/courses/pswg/1.2/assets/notes/Lesson1.2/Lesson1.2Filteringbycolor_Text_.html", "properties": {}, "activity_listed": false}, {"scored": false, "title": "Lesson 1.2 Activity", "has_activity": false, "objectives": "\u003Cquestion quid=\"4664229256757248\" qu_type=\"null\" weight=\"\" instanceid=\"pOvjILin0ehf\"\u003E\u003C/question\u003E\u003Cquestion quid=\"5873306037125120\" qu_type=\"null\" weight=\"\" instanceid=\"RuAdp78pwRly\"\u003E\u003C/question\u003E", "manual_progress": false, "unit_id": "2", "activity_title": "", "availability": "course", "video": "", "lesson_id": 5, "auto_index": false, "duration": "", "shown_when_unavailable": false, "notes": "", "properties": {"modules.skill_map.skill_list": []}, "activity_listed": false}, {"scored": false, "title": "How search works", "has_activity": false, "objectives": "\u003Cul\u003E\u003Cli\u003ERecognize ads on a search engine results page.\u003C/li\u003E\u003Cli\u003EDescribe how the order of results on a page is determined.\u003C/li\u003E\u003C/ul\u003E \u003Cgcb-youtube videoid=\"5_rIR0cT468\" instanceid=\"ZPyGesJrZjVG\"\u003E\u003C/gcb-youtube\u003E", "manual_progress": false, "unit_id": 2, "activity_title": "", "availability": "course", "video": "", "lesson_id": 6, "auto_index": true, "duration": "", "shown_when_unavailable": false, "notes": "//www.google.com/edu/coursebuilder/courses/pswg/1.2/assets/notes/Lesson1.3/Lesson1.3Howsearchworks_Text_.html", "properties": {}, "activity_listed": false}, {"scored": false, "title": "Lesson 1.3 Activity", "has_activity": false, "objectives": "", "manual_progress": false, "unit_id": 2, "activity_title": "", "availability": "course", "video": "", "lesson_id": 7, "auto_index": false, "duration": "", "shown_when_unavailable": false, "notes": "", "properties": {}, "activity_listed": false}, {"scored": false, "title": "The art of keyword choices", "has_activity": false, "objectives": "\u003Cul\u003E\u003Cli\u003ESelect effective keywords: words you predict will be in your results, important words, and synonyms when appropriate.\u003C/li\u003E\u003C/ul\u003E \u003Cgcb-youtube videoid=\"34ygpSN4u4c\" instanceid=\"XqWZzypct4Qo\"\u003E\u003C/gcb-youtube\u003E", "manual_progress": false, "unit_id": 2, "activity_title": "", "availability": "course", "video": "", "lesson_id": 8, "auto_index": true, "duration": "", "shown_when_unavailable": false, "notes": "//www.google.com/edu/coursebuilder/courses/pswg/1.2/assets/notes/Lesson1.4/Lesson1.4Theartofkeywordchoice_Text_.html", "properties": {}, "activity_listed": false}, {"scored": false, "title": "Lesson 1.4 Activity", "has_activity": false, "objectives": "", "manual_progress": false, "unit_id": 2, "activity_title": "", "availability": "course", "video": "", "lesson_id": 9, "auto_index": false, "duration": "", "shown_when_unavailable": false, "notes": "", "properties": {}, "activity_listed": false}, {"scored": false, "title": "Word order matters", "has_activity": false, "objectives": "\u003Cul\u003E\u003Cli\u003EIdentify the factors that have an effect on search queries.\u003C/li\u003E\u003C/ul\u003E \u003Cgcb-youtube videoid=\"wUZ9lw-Z6hk\" instanceid=\"MEs4wI77hBUx\"\u003E\u003C/gcb-youtube\u003E", "manual_progress": false, "unit_id": 2, "activity_title": "", "availability": "course", "video": "", "lesson_id": 10, "auto_index": true, "duration": "", "shown_when_unavailable": false, "notes": "//www.google.com/edu/coursebuilder/courses/pswg/1.2/assets/notes/Lesson1.5/Lesson1.5Wordordermatters_Text_.html", "properties": {}, "activity_listed": false}, {"scored": false, "title": "Lesson 1.5 Activity", "has_activity": false, "objectives": "\u003Cscript\u003E\n// This script is inserted by 1.2 to 1.3 import function\n// Custom checker code for a multiple checkbox activity. Note that you can write any custom activity\n// in HTML and JavaScript.\n\nfunction check15() {\n  // see if the correct checkboxes are checked\n  var numCorrect = checkQuestionCheckBox1(document.activity.q15);\n  if (numCorrect == 3) {   // highlight correct answer\n    highlightCorrectButton('correct1');\n    highlightCorrectButton('correct2');\n    highlightCorrectButton('correct3');\n  }\n\n  // provide feedback based on how many checkboxes were correctly checked:\n  if (numCorrect \u003E= 3) {\n    document.activity.output.value = 'Good job! You have found the searches that differ. They are marked above.';\n    numClicked = checkQuestionCheckClicked(document.activity.q15);\n    if (numClicked \u003E 3) {\n      document.activity.output.value += ' But you have clicked some that are incorrect. Please be sure you understand why the searches (not in blue), are the same.';\n    }\n  }\n  else {\n    document.activity.output.value = 'You have not found all the searches that differ. Please try again.\\n';\n  }\n}\n\nfunction clearTextarea1() {\n\tdocument.activity.output.value=\" \";\n}\n\nfunction checkQuestionCheckClicked(CheckBoxGroup) {\n  var numClicked = 0;\n  for (var i=0; i\u003CCheckBoxGroup.length; i++) {\n    if (CheckBoxGroup[i].checked) {\n      numClicked++;\n    }\n  }\n  return numClicked;\n}\n\n// validate checkbox answers\nfunction checkQuestionCheckBox1(CheckBoxGroup) {\n  var numCorrect = 0\n  for (var i=0; i\u003CCheckBoxGroup.length; i++) {\n   if (CheckBoxGroup[i].checked) {\n     if (CheckBoxGroup[i].value == \"correct\") {\n       numCorrect++;\n     }\n   }\n  }\n  return numCorrect;\n}\n\n\n// show correct answer in highlighted color for Radio/Checkbox\nfunction highlightCorrectButton(radioButton) {\n  document.getElementById(radioButton).style.backgroundColor = highlightColor;\n}\n\n// \n\u003C/script\u003E\n\u003Ctable border=\"1\"\u003E\u003Ctr\u003E\u003Ctd\u003E          \u003Cb\u003ESearch Tips:\u003C/b\u003E\u003Cp\u003E          \u003Cul\u003E\u003Cli\u003EIn the last video you learned to identify the factors that have an effect on search queries.\u003Cp\u003E    \u003Cli\u003EWord order matters.\u003Cp\u003E    \u003Cli\u003ESmall words (a, the) sometimes matter, like when they distinguish between two similar entities.\u003Cp\u003E    \u003Cli\u003EPunctuation that matters: $, #, and + (when used as C++, Google+)\u003Cp\u003E    \u003Cli\u003EPunctuation that Google ignores:  \u00b6, \u00a3, \u20ac, \u00a9, \u00ae, \u00f7, \u00a7, %, (), @, ?, !\u003C/ul\u003E\u003Cp\u003E          \u003C/tr\u003E\u003C/td\u003E\u003C/table\u003EHere are the results for two searches, [cars] on the left, and [the cars] on the right. Are the results the same or different?\u003Cp\u003E\u003Cimg src=\"assets/img/Image1.5.3.png\" width=\"785\" height=\"461\" alt=\"search results for [cars] and [the cars]\" title=\"search results for [cars] and [the cars]\" \u003E\u003Cp\u003ECompare the results for two variations of a query. If the \u003Cb\u003Enon-ad\u003C/b\u003E results for two variations differ from each other, check the box in front of those two queries. For example:\u003Cbr\u003E\u003Cbr\u003E\u003Cinput type=checkbox checked\u003E[cars][the cars]&nbsp;&nbsp;&nbsp;&nbsp;&nbsp;&nbsp;&nbsp;These two searches produce different non-ad results.\u003Cbr\u003E\u003Cbr\u003EOpen two new tabs with Google search in each, so you can compare the following searches. If the results are different, check the box.\u003Cbr\u003E\u003Cform name=\"activity\"\u003E\u003Cspan id=\"correct1\"\u003E\u003Cinput type='checkbox' name='q15' onClick=\"clearTextarea1()\" value='correct'\u003E&nbsp;[flower spider] [spider flower] \u003C\\/span\u003E\u003Cbr\u003E\n\u003Cinput  type='checkbox' onClick=\"clearTextarea1()\" name='q15' value='wrong'\u003E&nbsp;[Adobe Acrobat] [adobe acrobat] \u003Cbr\u003E\n\u003Cspan id=\"correct2\"\u003E\u003Cinput  type='checkbox' onClick=\"clearTextarea1()\" name='q15' value='correct'\u003E&nbsp;[who] [the who] [a who]  \u003C\\/span\u003E\u003Cbr\u003E\n\u003Cspan id=\"correct3\"\u003E\u003Cinput type='checkbox' onClick=\"clearTextarea1()\" name='q15' value='correct'\u003E&nbsp;[150 computer] [$150 computer]\u003C\\/span\u003E\u003Cbr\u003E\n\u003Cinput  type='checkbox' name='q15' onClick=\"clearTextarea1()\" value='wrong'\u003E&nbsp;[% students paying off college loans] [students paying off college loans]\u003Cbr\u003E\u003Cbr\u003E\u003Cbutton type=\"button\" class='gcb-button gcb-button-primary' onClick=\"check15()\"\u003ECheck Answers\u003C/button\u003E\u003Cbr\u003E\u003Ctextarea style=\"width: 600px; height: 50px;\" readonly=\"true\"  name=\"output\"\u003E\u003C/textarea\u003E\u003C/form\u003E", "manual_progress": false, "unit_id": 2, "activity_title": "", "availability": "course", "video": "", "lesson_id": 11, "auto_index": false, "duration": "", "shown_when_unavailable": false, "notes": "", "properties": {}, "activity_listed": false}, {"scored": false, "title": "Finding text on a web page", "has_activity": false, "objectives": "\u003Cul\u003E\u003Cli\u003EUse Control-F to quickly find text on a page.\u003C/li\u003E\u003C/ul\u003E \u003Cgcb-youtube videoid=\"VyhNTtNDfcM\" instanceid=\"6zrK6wxSUEUQ\"\u003E\u003C/gcb-youtube\u003E", "manual_progress": false, "unit_id": 2, "activity_title": "", "availability": "course", "video": "", "lesson_id": 12, "auto_index": true, "duration": "", "shown_when_unavailable": false, "notes": "//www.google.com/edu/coursebuilder/courses/pswg/1.2/assets/notes/Lesson1.6/Lesson1.6Findingtextonawebpage_Text_.html", "properties": {}, "activity_listed": false}, {"scored": false, "title": "Lesson 1.6 Activity", "has_activity": false, "objectives": "", "manual_progress": false, "unit_id": 2, "activity_title": "", "availability": "course", "video": "", "lesson_id": 13, "auto_index": false, "duration": "", "shown_when_unavailable": false, "notes": "", "properties": {}, "activity_listed": false}, {"scored": false, "title": "When search results suggest something new", "has_activity": false, "objectives": "\u003Cul\u003E\u003Cli\u003EUtilize information in Knowledge Graph panels, Instant results, Suggestions, and Related Searches when they appear.\u003C/li\u003E\u003C/ul\u003E \u003Cgcb-youtube videoid=\"R3n-_LC_wWc\" instanceid=\"UCiAkVEsTGmL\"\u003E\u003C/gcb-youtube\u003E", "manual_progress": false, "unit_id": 14, "activity_title": "", "availability": "course", "video": "", "lesson_id": 15, "auto_index": true, "duration": "", "shown_when_unavailable": false, "notes": "//www.google.com/edu/coursebuilder/courses/pswg/1.2/assets/notes/Lesson2.1/Lesson2.1Whensearchresultssuggestsomethingnew.html", "properties": {}, "activity_listed": false}, {"scored": false, "title": "Lesson 2.1 Activity", "has_activity": false, "objectives": "\u003Ctable border=\"2\"\u003E\u003Ctr\u003E\u003Ctd\u003E\u003Cb\u003ESearch Tips:\u003C/b\u003E\u003Cp\u003E \u003Cul\u003E\u003Cli\u003EWhen you do certain queries, Google presents information about these topics directly on the search results page.\u003Cli\u003EYou can distinguish the information in these panels from advertisements because advertisements are labeled as Ads. Also, when these panels appear, they are always the top box on the right-hand side.\u003Cli\u003ETopics for which information panels appear include, but are not limited to, animals, famous people, landmarks, countries, movies, books, works of art, sports teams, and chemical elements.\u003C/ul\u003E \u003C/tr\u003E\u003C/td\u003E\u003C/table\u003E\u003Cbr\u003EHave you ever played the \u003Ca href=\"http://en.wikipedia.org/wiki/Six_degrees_of_separation#Kevin_Bacon_game\" target=\"_blank\"\u003E\"Six Degrees of Separation\"\u003C/a\u003E game, where you try to get from one celebrity to another via co-stars in movies they have in common? Clicking only in the information panels on the right side of the screen, our search expert got from Mona Lisa to the Golden Gate Bridge in seven clicks. That is, she entered the query [Mona Lisa], clicked on something in the panel on the right side of the screen, then clicked on something else in the resulting screen, and so forth, and finally ended up at a page about the Golden Gate Bridge. How did she do it? Can you do it with fewer clicks? \u003Cp\u003EFind your own \"six degrees\" chain using the panels on the right. Share your story in the \u003Ca href=\"LINK_TO_COURSE_FORUM\" target=\"_blank\"\u003Eforum\u003C/a\u003E.", "manual_progress": false, "unit_id": 14, "activity_title": "", "availability": "course", "video": "", "lesson_id": 16, "auto_index": false, "duration": "", "shown_when_unavailable": false, "notes": "", "properties": {}, "activity_listed": false}, {"scored": false, "title": "Thinking more deeply about your search", "has_activity": false, "objectives": "\u003Cul\u003E\u003Cli\u003ERecognize when search results are offering information that suggests a better/additional search.\u003C/li\u003E\u003Cli\u003EUse 'define' to identify the meaning of words.\u003C/li\u003E\u003Cli\u003EUse dictionary mode to define words that do not appear in traditional dictionaries.\u003C/li\u003E\u003C/ul\u003E \u003Cgcb-youtube videoid=\"d-U6Dwj7jdc\" instanceid=\"F20BRWTApHSu\"\u003E\u003C/gcb-youtube\u003E", "manual_progress": false, "unit_id": 14, "activity_title": "", "availability": "course", "video": "", "lesson_id": 17, "auto_index": true, "duration": "", "shown_when_unavailable": false, "notes": "//www.google.com/edu/coursebuilder/courses/pswg/1.2/assets/notes/Lesson2.2/Lesson2.2Thinkingmoredeeplyaboutyoursearch_Te.html", "properties": {}, "activity_listed": false}, {"scored": false, "title": "Lesson 2.2 Activity", "has_activity": false, "objectives": "", "manual_progress": false, "unit_id": 14, "activity_title": "", "availability": "course", "video": "", "lesson_id": 18, "auto_index": false, "duration": "", "shown_when_unavailable": false, "notes": "", "properties": {}, "activity_listed": false}, {"scored": false, "title": "Understand options for different media", "has_activity": false, "objectives": "\u003Cul\u003E\u003Cli\u003EUse image search when it appears in search results, and use related image search to refine results.\u003C/li\u003E\u003Cli\u003ERefine results by using different media types like videos and news.\u003C/li\u003E\u003C/ul\u003E \u003Cgcb-youtube videoid=\"4TcrHV1kums\" instanceid=\"MqHWGhK9V0Gw\"\u003E\u003C/gcb-youtube\u003E", "manual_progress": false, "unit_id": 14, "activity_title": "", "availability": "course", "video": "", "lesson_id": 19, "auto_index": true, "duration": "", "shown_when_unavailable": false, "notes": "//www.google.com/edu/coursebuilder/courses/pswg/1.2/assets/notes/Lesson2.3/Lesson2.3Understandingyouroptionsfordifferent.html", "properties": {}, "activity_listed": false}, {"scored": false, "title": "Lesson 2.3 Activity", "has_activity": false, "objectives": "", "manual_progress": false, "unit_id": 14, "activity_title": "", "availability": "course", "video": "", "lesson_id": 20, "auto_index": false, "duration": "", "shown_when_unavailable": false, "notes": "", "properties": {}, "activity_listed": false}, {"scored": false, "title": "Reading the Search Engine Results Page (SERP)", "has_activity": false, "objectives": "\u003Cul\u003E\u003Cli\u003EUse the page preview tool to preview results pages.\u003C/li\u003E\u003Cli\u003EIdentify the parts of a search engine result: title, web address, and snippet/abstract.\u003C/li\u003E\u003Cli\u003EUse links within the search engine results to go directly to a sub-page of the site.\u003C/li\u003E\u003Cli\u003EUse the site: operator to restrict results to a domain, website, or directory.\u003C/li\u003E\u003Cli\u003EInterpret a search engine results page.\u003C/li\u003E\u003C/ul\u003E \u003Cgcb-youtube videoid=\"RpT4uPfRH0E\" instanceid=\"5jAAyR06Y5uS\"\u003E\u003C/gcb-youtube\u003E", "manual_progress": false, "unit_id": 14, "activity_title": "", "availability": "course", "video": "", "lesson_id": 21, "auto_index": true, "duration": "", "shown_when_unavailable": false, "notes": "//www.google.com/edu/coursebuilder/courses/pswg/1.2/assets/notes/Lesson2.4/Lesson2.4ReadingtheSearchEngineResultsPage_Te.html", "properties": {}, "activity_listed": false}, {"scored": false, "title": "Lesson 2.4 Activity", "has_activity": false, "objectives": "\u003Cscript\u003E\n// This script is inserted by 1.2 to 1.3 import function\n// JavaScript code to check which area of the image the user clicked on\n// and display the appropriate message in the output textarea:\nfunction check24(incoming) {\n  if (incoming == 1) {\n    document.quiz.output.value = 'You have clicked on the web page title, which is always the first line of text in a result.';\n  } else if (incoming == 2) {\n    document.quiz.output.value = 'You have clicked on the web address, which is always the green text in a result block.';\n  } else {\n    document.quiz.output.value = 'You have found the snippet, which is the black text that shows where your search terms appear on the page.';\n  }\n}\n\n//\n\u003C/script\u003E\n", "manual_progress": false, "unit_id": 14, "activity_title": "", "availability": "course", "video": "", "lesson_id": 22, "auto_index": false, "duration": "", "shown_when_unavailable": false, "notes": "", "properties": {}, "activity_listed": false}, {"scored": false, "title": "Different kinds of content", "has_activity": false, "objectives": "\u003Cul\u003E\u003Cli\u003EFind different kinds of content efficiently: blogs, discussions, recipes, patents, books, 3D models, scholarly sources, and legal documents.\u003C/li\u003E\u003C/ul\u003E \u003Cgcb-youtube videoid=\"hNrzmvPA1Zo\" instanceid=\"l1kK8aOp7QGN\"\u003E\u003C/gcb-youtube\u003E", "manual_progress": false, "unit_id": 14, "activity_title": "", "availability": "course", "video": "", "lesson_id": 23, "auto_index": true, "duration": "", "shown_when_unavailable": false, "notes": "//www.google.com/edu/coursebuilder/courses/pswg/1.2/assets/notes/Lesson2.5/Lesson2.5Differentkindsofcontent_Text_.html", "properties": {}, "activity_listed": false}, {"scored": false, "title": "Lesson 2.5 Activity", "has_activity": false, "objectives": "\u003Ctable border=\"2\"\u003E\u003Ctr\u003E\u003Ctd\u003E \u003Cb\u003ESearch Tips:\u003C/b\u003E\u003Cp\u003E \u003Cul\u003E\u003Cli\u003EIn the left panel of the search results page, you can filter results by different categories.\u003Cli\u003EThese categories include blogs, discussions, recipes, patents, books, 3D models, scholarly sources, and legal documents.\u003Cli\u003EThe left panel does not appear on tablet computers (iPads and Android devices). \u003C/tr\u003E\u003C/td\u003E\u003C/table\u003EIn the video, Dan explored results in different media for the word [cats]. What do you love? Compare the information you find by searching for a topic of your choice and clicking on all the different media options. Share your story in the \u003Ca href=\"LINK_TO_COURSE_FORUM\" target=\"_blank\"\u003Eforum\u003C/a\u003E.", "manual_progress": false, "unit_id": 14, "activity_title": "", "availability": "course", "video": "", "lesson_id": 24, "auto_index": false, "duration": "", "shown_when_unavailable": false, "notes": "", "properties": {}, "activity_listed": false}, {"scored": false, "title": "Web organization", "has_activity": false, "objectives": "\u003Cul\u003E\u003Cli\u003EDescribe how operators filter results.\u003C/li\u003E\u003Cli\u003EUse the site: operator at the top-level domain and website levels.\u003C/li\u003E\u003Cli\u003EUse a word you expect to appear on the target page to refine results.\u003C/li\u003E\u003Cli\u003EUse the site: operator within images and news results.\u003C/li\u003E\u003C/ul\u003E \u003Cgcb-youtube videoid=\"DndOoEVCWfI\" instanceid=\"MSmsbMxXJIqx\"\u003E\u003C/gcb-youtube\u003E", "manual_progress": false, "unit_id": 25, "activity_title": "", "availability": "course", "video": "", "lesson_id": 26, "auto_index": true, "duration": "", "shown_when_unavailable": false, "notes": "//www.google.com/edu/coursebuilder/courses/pswg/1.2/assets/notes/Lesson3.1/Lesson3.1Weborganization_Text_.html", "properties": {}, "activity_listed": false}, {"scored": false, "title": "Lesson 3.1 Activity", "has_activity": false, "objectives": "", "manual_progress": false, "unit_id": 25, "activity_title": "", "availability": "course", "video": "", "lesson_id": 27, "auto_index": false, "duration": "", "shown_when_unavailable": false, "notes": "", "properties": {}, "activity_listed": false}, {"scored": false, "title": "Filetype", "has_activity": false, "objectives": "\u003Cul\u003E\u003Cli\u003EUse the filetype: operator to find and download different kinds of documents.\u003C/li\u003E\u003Cli\u003ECombine operators to refine searches.\u003C/li\u003E\u003C/ul\u003E \u003Cgcb-youtube videoid=\"v5Z9603QPHQ\" instanceid=\"eiL8O4x1bie7\"\u003E\u003C/gcb-youtube\u003E", "manual_progress": false, "unit_id": 25, "activity_title": "", "availability": "course", "video": "", "lesson_id": 28, "auto_index": true, "duration": "", "shown_when_unavailable": false, "notes": "//www.google.com/edu/coursebuilder/courses/pswg/1.2/assets/notes/Lesson3.2/Lesson3.2Filetype_Text_.html", "properties": {}, "activity_listed": false}, {"scored": false, "title": "Lesson 3.2 Activity", "has_activity": false, "objectives": "", "manual_progress": false, "unit_id": 25, "activity_title": "", "availability": "course", "video": "", "lesson_id": 29, "auto_index": false, "duration": "", "shown_when_unavailable": false, "notes": "", "properties": {}, "activity_listed": false}, {"scored": false, "title": "Removing invasive results", "has_activity": false, "objectives": "\u003Cul\u003E\u003Cli\u003EUse the minus sign to eliminate irrelevant results.\u003C/li\u003E\u003C/ul\u003E \u003Cgcb-youtube videoid=\"HWbO_ahgrIY\" instanceid=\"gztP9Dhih4N9\"\u003E\u003C/gcb-youtube\u003E", "manual_progress": false, "unit_id": 25, "activity_title": "", "availability": "course", "video": "", "lesson_id": 30, "auto_index": true, "duration": "", "shown_when_unavailable": false, "notes": "//www.google.com/edu/coursebuilder/courses/pswg/1.2/assets/notes/Lesson3.3/Lesson3.3Removinginvasiveresults_Text_.html", "properties": {}, "activity_listed": false}, {"scored": false, "title": "Lesson 3.3 Activity", "has_activity": false, "objectives": "", "manual_progress": false, "unit_id": 25, "activity_title": "", "availability": "course", "video": "", "lesson_id": 31, "auto_index": false, "duration": "", "shown_when_unavailable": false, "notes": "", "properties": {}, "activity_listed": false}, {"scored": false, "title": "OR and quotes", "has_activity": false, "objectives": "\u003Cul\u003E\u003Cli\u003EUse quotes to search for a phrase.\u003C/li\u003E\u003Cli\u003EUse OR to include more than one way of expressing an idea.\u003C/li\u003E\u003C/ul\u003E \u003Cgcb-youtube videoid=\"5JEtMAsUAgY\" instanceid=\"LHQqNQQjgHc3\"\u003E\u003C/gcb-youtube\u003E", "manual_progress": false, "unit_id": 25, "activity_title": "", "availability": "course", "video": "", "lesson_id": 32, "auto_index": true, "duration": "", "shown_when_unavailable": false, "notes": "//www.google.com/edu/coursebuilder/courses/pswg/1.2/assets/notes/Lesson3.4/Lesson3.4ORandquotes_Text_.html", "properties": {}, "activity_listed": false}, {"scored": false, "title": "Lesson 3.4 Activity", "has_activity": false, "objectives": "", "manual_progress": false, "unit_id": 25, "activity_title": "", "availability": "course", "video": "", "lesson_id": 33, "auto_index": false, "duration": "", "shown_when_unavailable": false, "notes": "", "properties": {}, "activity_listed": false}, {"scored": false, "title": "intext: and Advanced Search", "has_activity": false, "objectives": "\u003Cul\u003E\u003Cli\u003EUse the intext: operator to ensure the word you want is actually on the page you find.\u003C/li\u003E\u003Cli\u003EUse the Advanced Search user interface when appropriate.\u003C/li\u003E\u003C/ul\u003E \u003Cgcb-youtube videoid=\"IXnNHPDSsoc\" instanceid=\"etUWrCCKLN9j\"\u003E\u003C/gcb-youtube\u003E", "manual_progress": false, "unit_id": 25, "activity_title": "", "availability": "course", "video": "", "lesson_id": 34, "auto_index": true, "duration": "", "shown_when_unavailable": false, "notes": "//www.google.com/edu/coursebuilder/courses/pswg/1.2/assets/notes/Lesson3.5/Lesson3.5IntextandAdvancedSearch_Text_.html", "properties": {}, "activity_listed": false}, {"scored": false, "title": "Search-by-image", "has_activity": false, "objectives": "\u003Cul\u003E\u003Cli\u003EIdentify an image with Search by Image.\u003C/li\u003E\u003C/ul\u003E \u003Cgcb-youtube videoid=\"2OYAXu2mxhU\" instanceid=\"CYAJJ4J6jfgO\"\u003E\u003C/gcb-youtube\u003E", "manual_progress": false, "unit_id": 36, "activity_title": "", "availability": "course", "video": "", "lesson_id": 37, "auto_index": true, "duration": "", "shown_when_unavailable": false, "notes": "//www.google.com/edu/coursebuilder/courses/pswg/1.2/assets/notes/Lesson4.1/Lesson4.1Searchbyimage_Text_.html", "properties": {}, "activity_listed": false}, {"scored": false, "title": "Lesson 4.1 Activity", "has_activity": false, "objectives": "", "manual_progress": false, "unit_id": 36, "activity_title": "", "availability": "course", "video": "", "lesson_id": 38, "auto_index": false, "duration": "", "shown_when_unavailable": false, "notes": "", "properties": {}, "activity_listed": false}, {"scored": false, "title": "Search features", "has_activity": false, "objectives": "\u003Cul\u003E\u003Cli\u003EFind facts quickly with shortcuts (search features).\u003C/li\u003E\u003C/ul\u003E \u003Cgcb-youtube videoid=\"Q6GK2vyDJcQ\" instanceid=\"tBKVW4o1DlxN\"\u003E\u003C/gcb-youtube\u003E", "manual_progress": false, "unit_id": 36, "activity_title": "", "availability": "course", "video": "", "lesson_id": 39, "auto_index": true, "duration": "", "shown_when_unavailable": false, "notes": "//www.google.com/edu/coursebuilder/courses/pswg/1.2/assets/notes/Lesson4.2/Lesson4.2Searchfeatures_Text_.html", "properties": {}, "activity_listed": false}, {"scored": false, "title": "Lesson 4.2 Activity", "has_activity": false, "objectives": "\u003Cscript\u003E\n// This script is inserted by 1.2 to 1.3 import function\n// JavaScript support code for displaying text into the proper output textarea:\nfunction check42(id, intext) {\n  switch (id) {\n    case 1:\n    document.quiz.output1.value = intext;\n    break;\n\n    case 2:\n    document.quiz.output2.value = intext;\n    break;\n\n    case 3:\n    document.quiz.output3.value = intext;\n    break;\n  }\n}\n\n//\n\u003C/script\u003E\n", "manual_progress": false, "unit_id": 36, "activity_title": "", "availability": "course", "video": "", "lesson_id": 40, "auto_index": false, "duration": "", "shown_when_unavailable": false, "notes": "", "properties": {}, "activity_listed": false}, {"scored": false, "title": "Conversions and Calculator", "has_activity": false, "objectives": "\u003Cul\u003E\u003Cli\u003ECalculate math expressions and conversions from the search box.\u003C/li\u003E\u003C/ul\u003E \u003Cgcb-youtube videoid=\"PP4Oe7ner2Q\" instanceid=\"a7mp6ikf3Y1H\"\u003E\u003C/gcb-youtube\u003E", "manual_progress": false, "unit_id": 36, "activity_title": "", "availability": "course", "video": "", "lesson_id": 41, "auto_index": true, "duration": "", "shown_when_unavailable": false, "notes": "//www.google.com/edu/coursebuilder/courses/pswg/1.2/assets/notes/Lesson4.3/Lesson4.3ConversionsandCalculator_Text_.html", "properties": {}, "activity_listed": false}, {"scored": false, "title": "Lesson 4.3 Activity", "has_activity": false, "objectives": "", "manual_progress": false, "unit_id": 36, "activity_title": "", "availability": "course", "video": "", "lesson_id": 42, "auto_index": false, "duration": "", "shown_when_unavailable": false, "notes": "", "properties": {}, "activity_listed": false}, {"scored": false, "title": "Left hand panel and Date range limiting", "has_activity": false, "objectives": "\u003Cul\u003E\u003Cli\u003ELimit results to sources from a specific time period.\u003C/li\u003E\u003C/ul\u003E \u003Cgcb-youtube videoid=\"OJJkB1_jYdM\" instanceid=\"H5HlrqWKdA7G\"\u003E\u003C/gcb-youtube\u003E", "manual_progress": false, "unit_id": 36, "activity_title": "", "availability": "course", "video": "", "lesson_id": 43, "auto_index": true, "duration": "", "shown_when_unavailable": false, "notes": "//www.google.com/edu/coursebuilder/courses/pswg/1.2/assets/notes/Lesson4.4/Lesson4.4Lefthandpanelanddaterangelimiting_Te.html", "properties": {}, "activity_listed": false}, {"scored": false, "title": "Lesson 4.4 Activity", "has_activity": false, "objectives": "", "manual_progress": false, "unit_id": 36, "activity_title": "", "availability": "course", "video": "", "lesson_id": 44, "auto_index": false, "duration": "", "shown_when_unavailable": false, "notes": "", "properties": {}, "activity_listed": false}, {"scored": false, "title": "Translation and search", "has_activity": false, "objectives": "\u003Cul\u003E\u003Cli\u003ETranslate words, sentences, and pages.\u003C/li\u003E\u003Cli\u003ESearch pages in foreign languages using English.\u003C/li\u003E\u003C/ul\u003E \u003Cgcb-youtube videoid=\"00-WwBbjJGg\" instanceid=\"QDdmEnLAq6pd\"\u003E\u003C/gcb-youtube\u003E", "manual_progress": false, "unit_id": 36, "activity_title": "", "availability": "course", "video": "", "lesson_id": 45, "auto_index": true, "duration": "", "shown_when_unavailable": false, "notes": "//www.google.com/edu/coursebuilder/courses/pswg/1.2/assets/notes/Lesson4.5/Lesson4.5Translationandsearch_Text_.html", "properties": {}, "activity_listed": false}, {"scored": false, "title": "Lesson 4.5 Activity", "has_activity": false, "objectives": "", "manual_progress": false, "unit_id": 36, "activity_title": "", "availability": "course", "video": "", "lesson_id": 46, "auto_index": false, "duration": "", "shown_when_unavailable": false, "notes": "", "properties": {}, "activity_listed": false}, {"scored": false, "title": "Credibility", "has_activity": false, "objectives": "\u003Cul\u003E\u003Cli\u003EVerify the credibility of information you find.\u003C/li\u003E\u003C/ul\u003E \u003Cgcb-youtube videoid=\"ayXSthUdT8c\" instanceid=\"WeaO3TWxmRzX\"\u003E\u003C/gcb-youtube\u003E", "manual_progress": false, "unit_id": 47, "activity_title": "", "availability": "course", "video": "", "lesson_id": 48, "auto_index": true, "duration": "", "shown_when_unavailable": false, "notes": "//www.google.com/edu/coursebuilder/courses/pswg/1.2/assets/notes/Lesson5.1/Lesson5.1Credibility_Text_.html", "properties": {}, "activity_listed": false}, {"scored": false, "title": "Lesson 5.1 Activity", "has_activity": false, "objectives": "\u003Ctable border=\"2\"\u003E\u003Ctr\u003E\u003Ctd\u003E\u003Cb\u003ESearch Tips:\u003C/b\u003E\u003Cp\u003E\u003Cul\u003E\u003Cli\u003EVerify the credibility of information you find on the web.\u003Cli\u003ETo check your findings, just do one more search.\u003C/ul\u003E\u003C/tr\u003E\u003C/td\u003E\u003C/table\u003ECredibility--can you trust the information you find online? How can you find out whether information is accurate and true? There are a few ways to check credibility.\u003Cbr\u003E\u003Cbr\u003E\u003Cp\u003E\u003Cb\u003E1.\u003C/b\u003E Take a moment to read \u003Ca href=\"http://webcache.googleusercontent.com/search?sugexp=chrome,mod=11&sourceid=chrome&ie=UTF-8&q=cache%3Awww.pcworld.com%2Fbusinesscenter%2Farticle%2F226912%2Fgoogle_date_range_filter_simplifies_search_results.html\" target=\"_blank\"\u003ERobert Strohmeyer\\s post at PCWorld\u003C/a\u003E about how he used Advanced Search to verify this quote: \"I mourn the loss of thousands of precious lives, but I will not rejoice in the death of one, not even an enemy\".\u003C/p\u003E\u003Cp\u003EHere are some other interesting online resources that examine the authenticity of quotes:\u003C/p\u003E\u003Cul\u003E\u003Cli\u003E\u003Ca href=\"http://webcache.googleusercontent.com/search?sugexp=chrome,mod=11&sourceid=chrome&ie=UTF-8&q=cache%3Awww.theatlantic.com%2Fnational%2Farchive%2F2011%2F05%2Fanatomy-of-a-fake-quotation%2F238257%2F\" target=\"_blank\"\u003EAnatomy of a Fake Quotation\u003C/a\u003E by Megan McArdle of The Atlantic\u003C/li\u003E\u003Cli\u003E\u003Ca href=\"http://webcache.googleusercontent.com/search?sugexp=chrome,mod=11&sourceid=chrome&ie=UTF-8&q=cache%3Awww.monticello.org%2Fsite%2Fblog-and-community%2Fposts%2Fhow-to-spot-fake\" target=\"_blank\"\u003EHow to Spot a Fake\u003C/a\u003E by Anna Berkes, research librarian at Monticello\u003C/li\u003E\u003Cli\u003E\u003Ca href=\"http://webcache.googleusercontent.com/search?sugexp=chrome,mod=11&sourceid=chrome&ie=UTF-8&q=cache%3Aquoteinvestigator.com\" target=\"_blank\"\u003EQuoteInvestigator\u003C/a\u003E by Garson O'Toole\u003C/li\u003E\u003C/ul\u003E\u003Cp\u003E\u003Cb\u003E2.\u003C/b\u003E Have you ever had a search result, where you doubted its truth?  What did you see that made you doubt it? Reflect on this before proceeding to the next lesson.\u003C/p\u003E", "manual_progress": false, "unit_id": 47, "activity_title": "", "availability": "course", "video": "", "lesson_id": 49, "auto_index": false, "duration": "", "shown_when_unavailable": false, "notes": "", "properties": {}, "activity_listed": false}, {"scored": false, "title": "Variant data", "has_activity": false, "objectives": "\u003Cul\u003E\u003Cli\u003EAvoid confirmation bias when conducting searches.\u003C/li\u003E\u003C/ul\u003E \u003Cgcb-youtube videoid=\"IvH44TMmzl8\" instanceid=\"99cdaPPSncKy\"\u003E\u003C/gcb-youtube\u003E", "manual_progress": false, "unit_id": 47, "activity_title": "", "availability": "course", "video": "", "lesson_id": 50, "auto_index": true, "duration": "", "shown_when_unavailable": false, "notes": "//www.google.com/edu/coursebuilder/courses/pswg/1.2/assets/notes/Lesson5.2/Lesson5.2Variantdata_Text_.html", "properties": {}, "activity_listed": false}, {"scored": false, "title": "Lesson 5.2 Activity", "has_activity": false, "objectives": "", "manual_progress": false, "unit_id": 47, "activity_title": "", "availability": "course", "video": "", "lesson_id": 51, "auto_index": false, "duration": "", "shown_when_unavailable": false, "notes": "", "properties": {}, "activity_listed": false}, {"scored": false, "title": "Using Books to verify a quote", "has_activity": false, "objectives": "\u003Cul\u003E\u003Cli\u003ESearch appropriate sources that offer authoritative information for the type of information you are trying to find.\u003C/li\u003E\u003C/ul\u003E \u003Cgcb-youtube videoid=\"YRAIdmQ1mqg\" instanceid=\"gGxR2uBz4O4y\"\u003E\u003C/gcb-youtube\u003E", "manual_progress": false, "unit_id": 47, "activity_title": "", "availability": "course", "video": "", "lesson_id": 52, "auto_index": true, "duration": "", "shown_when_unavailable": false, "notes": "//www.google.com/edu/coursebuilder/courses/pswg/1.2/assets/notes/Lesson5.3/Lesson5.3Usingbookstoverifyaquote_Text_.html", "properties": {}, "activity_listed": false}, {"scored": false, "title": "Lesson 5.3 Activity", "has_activity": false, "objectives": "", "manual_progress": false, "unit_id": 47, "activity_title": "", "availability": "course", "video": "", "lesson_id": 53, "auto_index": false, "duration": "", "shown_when_unavailable": false, "notes": "", "properties": {}, "activity_listed": false}, {"scored": false, "title": "Using WHOIS and looking for other site information", "has_activity": false, "objectives": "\u003Cul\u003E\u003Cli\u003EUse WHOIS to identify who owns a particular website.\u003C/li\u003E\u003C/ul\u003E \u003Cgcb-youtube videoid=\"Jd8PFXoDltE\" instanceid=\"FmFK8w6j0jGv\"\u003E\u003C/gcb-youtube\u003E", "manual_progress": false, "unit_id": 47, "activity_title": "", "availability": "course", "video": "", "lesson_id": 54, "auto_index": true, "duration": "", "shown_when_unavailable": false, "notes": "//www.google.com/edu/coursebuilder/courses/pswg/1.2/assets/notes/Lesson5.4/Lesson5.4UsingWHOIS_Text_.html", "properties": {}, "activity_listed": false}, {"scored": false, "title": "Lesson 5.4 Activity", "has_activity": false, "objectives": "\u003Cscript\u003E\n// This script is inserted by 1.2 to 1.3 import function\n// JavaScript support code for displaying text into the proper output textarea (uses jQuery)\nfunction show54_2() {\n  $('#output2').val('If you do a search on jnj.com, you will find that jnj.com is Johnson & Johnson.');\n}\n\n//\n\u003C/script\u003E\n", "manual_progress": false, "unit_id": 47, "activity_title": "", "availability": "course", "video": "", "lesson_id": 55, "auto_index": false, "duration": "", "shown_when_unavailable": false, "notes": "", "properties": {}, "activity_listed": false}, {"scored": false, "title": "Occasional misconceptions", "has_activity": false, "objectives": "\u003Cul\u003E\u003Cli\u003EDistinguish between the Google products that indicate credibility and those that do not.\u003C/li\u003E\u003C/ul\u003E \u003Cgcb-youtube videoid=\"A7YmDqwZSV0\" instanceid=\"LKnakRMpr0GP\"\u003E\u003C/gcb-youtube\u003E", "manual_progress": false, "unit_id": 47, "activity_title": "", "availability": "course", "video": "", "lesson_id": 56, "auto_index": true, "duration": "", "shown_when_unavailable": false, "notes": "//www.google.com/edu/coursebuilder/courses/pswg/1.2/assets/notes/Lesson5.5/Lesson5.5Occasionalmisconceptions_Text_.html", "properties": {}, "activity_listed": false}, {"scored": false, "title": "Combining methods", "has_activity": false, "objectives": "\u003Cul\u003E\u003Cli\u003ECombine operators for stronger searches.\u003C/li\u003E\u003C/ul\u003E \u003Cgcb-youtube videoid=\"dO2vuIkFio4\" instanceid=\"B8qkiughVfAK\"\u003E\u003C/gcb-youtube\u003E", "manual_progress": false, "unit_id": 57, "activity_title": "", "availability": "course", "video": "", "lesson_id": 58, "auto_index": true, "duration": "", "shown_when_unavailable": false, "notes": "//www.google.com/edu/coursebuilder/courses/pswg/1.2/assets/notes/Lesson6.1/Lesson6.1Combiningmethods_Text_.html", "properties": {}, "activity_listed": false}, {"scored": false, "title": "Lesson 6.1 Activity", "has_activity": false, "objectives": "", "manual_progress": false, "unit_id": 57, "activity_title": "", "availability": "course", "video": "", "lesson_id": 59, "auto_index": false, "duration": "", "shown_when_unavailable": false, "notes": "", "properties": {}, "activity_listed": false}, {"scored": false, "title": "Think broadly", "has_activity": false, "objectives": "\u003Cul\u003E\u003Cli\u003ECombine methods and approaches to find information efficiently.\u003C/li\u003E\u003Cli\u003EConduct research effectively with tools that are not traditionally used for research.\u003C/li\u003E\u003C/ul\u003E \u003Cgcb-youtube videoid=\"s7QZd1hEjS4\" instanceid=\"pTLLf0cBClRF\"\u003E\u003C/gcb-youtube\u003E", "manual_progress": false, "unit_id": 57, "activity_title": "", "availability": "course", "video": "", "lesson_id": 60, "auto_index": true, "duration": "", "shown_when_unavailable": false, "notes": "//www.google.com/edu/coursebuilder/courses/pswg/1.2/assets/notes/Lesson6.2/Lesson6.2Thinkbroadly_Text_.html", "properties": {}, "activity_listed": false}, {"scored": false, "title": "Lesson 6.2 Activity", "has_activity": false, "objectives": "", "manual_progress": false, "unit_id": 57, "activity_title": "", "availability": "course", "video": "", "lesson_id": 61, "auto_index": false, "duration": "", "shown_when_unavailable": false, "notes": "", "properties": {}, "activity_listed": false}, {"scored": false, "title": "Summary", "has_activity": false, "objectives": "\u003Cul\u003E\u003Cli\u003EIdentify ways to continue learning how to be an effective searcher.\u003C/li\u003E\u003C/ul\u003E \u003Cgcb-youtube videoid=\"XsGpoNOVOo4\" instanceid=\"sysfZQkGiq3x\"\u003E\u003C/gcb-youtube\u003E", "manual_progress": false, "unit_id": 57, "activity_title": "", "availability": "course", "video": "", "lesson_id": 62, "auto_index": true, "duration": "", "shown_when_unavailable": false, "notes": "//www.google.com/edu/coursebuilder/courses/pswg/1.2/assets/notes/Lesson6.3/Lesson6.3Summary_Text_.html", "properties": {}, "activity_listed": false}, {"scored": false, "title": "Activity", "has_activity": false, "objectives": "\u003Ctable border=\"1\"\u003E\u003Ctr\u003E\u003Ctd\u003E\u003Cp\u003E\u003Cb\u003E Visit each of the links below to explore ways to keep yourself updated on Google Search tools:\u003C/b\u003E\u003C/p\u003E\u003Cul\u003E\u003Cli\u003E Pick a blog to read to keep up-to-date:\u003Cul\u003E\u003Cli\u003E\u003Ca href=\"http://googleblog.blogspot.com/\" target=\"_blank\"\u003E Official Google Blog\u003C/a\u003E\u003C/li\u003E\u003Cli\u003E\u003Ca href=\"http://insidesearch.blogspot.com/\" target=\"_blank\"\u003E Inside Search\u003C/a\u003E\u003C/li\u003E\u003Cli\u003E\u003Ca href=\"http://searchresearch1.blogspot.com/\" target=\"_blank\"\u003E SearchResearch (by Dan Russell)\u003C/a\u003E\u003C/li\u003E\u003C/ul\u003E\u003C/li\u003E\u003Cli\u003E Set up an \u003Ca href=\"http://www.google.com/alerts\" target=\"_blank\"\u003E email alert\u003C/a\u003E to notify you when there is a new feature.\u003C/li\u003E\u003Cli\u003E Try out the \u003Ca href=\"http://agoogleaday.com\" target=\"_blank\"\u003E AGoogleADay\u003C/a\u003E game on Google+\u003C/li\u003E\u003C/ul\u003E\u003C/tr\u003E\u003C/td\u003E\u003C/table\u003E", "manual_progress": false, "unit_id": 57, "activity_title": "", "availability": "course", "video": "", "lesson_id": 63, "auto_index": false, "duration": "", "shown_when_unavailable": false, "notes": "", "properties": {}, "activity_listed": false}], "next_id": 66, "version": "1.3"}